<?xml version="1.0" encoding="UTF-8"?>
<project xmlns="http://maven.apache.org/POM/4.0.0" xmlns:xsi="http://www.w3.org/2001/XMLSchema-instance" xsi:schemaLocation="http://maven.apache.org/POM/4.0.0 http://maven.apache.org/maven-v4_0_0.xsd">
  <parent>
    <artifactId>ecomm-finance-spark</artifactId>
    <groupId>com.walmart.ecomm</groupId>
    <version>3.148-SNAPSHOT</version>
  </parent>
  <modelVersion>4.0.0</modelVersion>
  <artifactId>Spark_Streaming</artifactId>
  <dependencies>
    <dependency>
      <groupId>org.apache.spark</groupId>
      <artifactId>spark-sql-kafka-0-10_2.12</artifactId>
      <version>2.4.7</version>
      <scope>test</scope>
    </dependency>
    <dependency>
      <groupId>org.apache.spark</groupId>
      <artifactId>spark-sql_2.12</artifactId>
      <version>2.4.7</version>
      <scope>provided</scope>
      <exclusions>
        <exclusion>
          <artifactId>univocity-parsers</artifactId>
          <groupId>com.univocity</groupId>
        </exclusion>
        <exclusion>
          <artifactId>spark-sketch_2.12</artifactId>
          <groupId>org.apache.spark</groupId>
        </exclusion>
        <exclusion>
          <artifactId>spark-catalyst_2.12</artifactId>
          <groupId>org.apache.spark</groupId>
        </exclusion>
        <exclusion>
          <artifactId>orc-core</artifactId>
          <groupId>org.apache.orc</groupId>
        </exclusion>
        <exclusion>
          <artifactId>orc-mapreduce</artifactId>
          <groupId>org.apache.orc</groupId>
        </exclusion>
        <exclusion>
          <artifactId>parquet-column</artifactId>
          <groupId>org.apache.parquet</groupId>
        </exclusion>
        <exclusion>
          <artifactId>parquet-hadoop</artifactId>
          <groupId>org.apache.parquet</groupId>
        </exclusion>
        <exclusion>
          <artifactId>arrow-vector</artifactId>
          <groupId>org.apache.arrow</groupId>
        </exclusion>
        <exclusion>
          <artifactId>xbean-asm6-shaded</artifactId>
          <groupId>org.apache.xbean</groupId>
        </exclusion>
      </exclusions>
    </dependency>
    <dependency>
      <groupId>org.apache.spark</groupId>
      <artifactId>spark-core_2.12</artifactId>
      <version>2.4.7</version>
      <scope>provided</scope>
      <exclusions>
        <exclusion>
          <artifactId>avro-mapred</artifactId>
          <groupId>org.apache.avro</groupId>
        </exclusion>
        <exclusion>
          <artifactId>chill_2.12</artifactId>
          <groupId>com.twitter</groupId>
        </exclusion>
        <exclusion>
          <artifactId>chill-java</artifactId>
          <groupId>com.twitter</groupId>
        </exclusion>
        <exclusion>
          <artifactId>hadoop-client</artifactId>
          <groupId>org.apache.hadoop</groupId>
        </exclusion>
        <exclusion>
          <artifactId>spark-launcher_2.12</artifactId>
          <groupId>org.apache.spark</groupId>
        </exclusion>
        <exclusion>
          <artifactId>spark-kvstore_2.12</artifactId>
          <groupId>org.apache.spark</groupId>
        </exclusion>
        <exclusion>
          <artifactId>spark-network-common_2.12</artifactId>
          <groupId>org.apache.spark</groupId>
        </exclusion>
        <exclusion>
          <artifactId>spark-network-shuffle_2.12</artifactId>
          <groupId>org.apache.spark</groupId>
        </exclusion>
        <exclusion>
          <artifactId>spark-unsafe_2.12</artifactId>
          <groupId>org.apache.spark</groupId>
        </exclusion>
        <exclusion>
          <artifactId>curator-recipes</artifactId>
          <groupId>org.apache.curator</groupId>
        </exclusion>
        <exclusion>
          <artifactId>zookeeper</artifactId>
          <groupId>org.apache.zookeeper</groupId>
        </exclusion>
        <exclusion>
          <artifactId>javax.servlet-api</artifactId>
          <groupId>javax.servlet</groupId>
        </exclusion>
        <exclusion>
          <artifactId>commons-math3</artifactId>
          <groupId>org.apache.commons</groupId>
        </exclusion>
        <exclusion>
          <artifactId>jsr305</artifactId>
          <groupId>com.google.code.findbugs</groupId>
        </exclusion>
        <exclusion>
          <artifactId>jul-to-slf4j</artifactId>
          <groupId>org.slf4j</groupId>
        </exclusion>
        <exclusion>
          <artifactId>jcl-over-slf4j</artifactId>
          <groupId>org.slf4j</groupId>
        </exclusion>
        <exclusion>
          <artifactId>compress-lzf</artifactId>
          <groupId>com.ning</groupId>
        </exclusion>
        <exclusion>
          <artifactId>zstd-jni</artifactId>
          <groupId>com.github.luben</groupId>
        </exclusion>
        <exclusion>
          <artifactId>RoaringBitmap</artifactId>
          <groupId>org.roaringbitmap</groupId>
        </exclusion>
        <exclusion>
          <artifactId>json4s-jackson_2.12</artifactId>
          <groupId>org.json4s</groupId>
        </exclusion>
        <exclusion>
          <artifactId>jersey-client</artifactId>
          <groupId>org.glassfish.jersey.core</groupId>
        </exclusion>
        <exclusion>
          <artifactId>jersey-common</artifactId>
          <groupId>org.glassfish.jersey.core</groupId>
        </exclusion>
        <exclusion>
          <artifactId>jersey-server</artifactId>
          <groupId>org.glassfish.jersey.core</groupId>
        </exclusion>
        <exclusion>
          <artifactId>jersey-container-servlet</artifactId>
          <groupId>org.glassfish.jersey.containers</groupId>
        </exclusion>
        <exclusion>
          <artifactId>jersey-container-servlet-core</artifactId>
          <groupId>org.glassfish.jersey.containers</groupId>
        </exclusion>
        <exclusion>
          <artifactId>netty-all</artifactId>
          <groupId>io.netty</groupId>
        </exclusion>
        <exclusion>
          <artifactId>netty</artifactId>
          <groupId>io.netty</groupId>
        </exclusion>
        <exclusion>
          <artifactId>stream</artifactId>
          <groupId>com.clearspring.analytics</groupId>
        </exclusion>
        <exclusion>
          <artifactId>metrics-core</artifactId>
          <groupId>io.dropwizard.metrics</groupId>
        </exclusion>
        <exclusion>
          <artifactId>metrics-jvm</artifactId>
          <groupId>io.dropwizard.metrics</groupId>
        </exclusion>
        <exclusion>
          <artifactId>metrics-json</artifactId>
          <groupId>io.dropwizard.metrics</groupId>
        </exclusion>
        <exclusion>
          <artifactId>metrics-graphite</artifactId>
          <groupId>io.dropwizard.metrics</groupId>
        </exclusion>
        <exclusion>
          <artifactId>jackson-module-scala_2.12</artifactId>
          <groupId>com.fasterxml.jackson.module</groupId>
        </exclusion>
        <exclusion>
          <artifactId>ivy</artifactId>
          <groupId>org.apache.ivy</groupId>
        </exclusion>
        <exclusion>
          <artifactId>pyrolite</artifactId>
          <groupId>net.razorvine</groupId>
        </exclusion>
        <exclusion>
          <artifactId>py4j</artifactId>
          <groupId>net.sf.py4j</groupId>
        </exclusion>
        <exclusion>
          <artifactId>commons-crypto</artifactId>
          <groupId>org.apache.commons</groupId>
        </exclusion>
        <exclusion>
          <artifactId>xbean-asm6-shaded</artifactId>
          <groupId>org.apache.xbean</groupId>
        </exclusion>
      </exclusions>
    </dependency>
    <dependency>
      <groupId>org.apache.spark</groupId>
      <artifactId>spark-hive_2.12</artifactId>
      <version>2.4.7</version>
      <scope>provided</scope>
      <exclusions>
        <exclusion>
          <artifactId>parquet-hadoop-bundle</artifactId>
          <groupId>com.twitter</groupId>
        </exclusion>
        <exclusion>
          <artifactId>hive-exec</artifactId>
          <groupId>org.spark-project.hive</groupId>
        </exclusion>
        <exclusion>
          <artifactId>hive-metastore</artifactId>
          <groupId>org.spark-project.hive</groupId>
        </exclusion>
        <exclusion>
          <artifactId>commons-httpclient</artifactId>
          <groupId>commons-httpclient</groupId>
        </exclusion>
        <exclusion>
          <artifactId>calcite-avatica</artifactId>
          <groupId>org.apache.calcite</groupId>
        </exclusion>
        <exclusion>
          <artifactId>calcite-core</artifactId>
          <groupId>org.apache.calcite</groupId>
        </exclusion>
        <exclusion>
          <artifactId>jodd-core</artifactId>
          <groupId>org.jodd</groupId>
        </exclusion>
        <exclusion>
          <artifactId>datanucleus-core</artifactId>
          <groupId>org.datanucleus</groupId>
        </exclusion>
        <exclusion>
          <artifactId>libthrift</artifactId>
          <groupId>org.apache.thrift</groupId>
        </exclusion>
        <exclusion>
          <artifactId>libfb303</artifactId>
          <groupId>org.apache.thrift</groupId>
        </exclusion>
        <exclusion>
          <artifactId>derby</artifactId>
          <groupId>org.apache.derby</groupId>
        </exclusion>
        <exclusion>
          <artifactId>avro-mapred</artifactId>
          <groupId>org.apache.avro</groupId>
        </exclusion>
        <exclusion>
          <artifactId>jsr305</artifactId>
          <groupId>com.google.code.findbugs</groupId>
        </exclusion>
      </exclusions>
    </dependency>
    <dependency>
      <groupId>org.apache.logging.log4j</groupId>
      <artifactId>log4j-core</artifactId>
      <version>2.16.0</version>
      <scope>provided</scope>
      <exclusions>
        <exclusion>
          <artifactId>log4j-api</artifactId>
          <groupId>org.apache.logging.log4j</groupId>
        </exclusion>
      </exclusions>
    </dependency>
    <dependency>
      <groupId>org.scalatest</groupId>
      <artifactId>scalatest_2.12</artifactId>
      <version>3.0.1</version>
      <scope>provided</scope>
      <exclusions>
        <exclusion>
          <artifactId>scalactic_2.12</artifactId>
          <groupId>org.scalactic</groupId>
        </exclusion>
        <exclusion>
          <artifactId>scala-parser-combinators_2.12</artifactId>
          <groupId>org.scala-lang.modules</groupId>
        </exclusion>
      </exclusions>
    </dependency>
    <dependency>
      <groupId>com.holdenkarau</groupId>
      <artifactId>spark-testing-base_2.12</artifactId>
      <version>2.4.7_1.1.0</version>
      <scope>provided</scope>
      <exclusions>
        <exclusion>
          <artifactId>spark-streaming_2.12</artifactId>
          <groupId>org.apache.spark</groupId>
        </exclusion>
        <exclusion>
          <artifactId>spark-yarn_2.12</artifactId>
          <groupId>org.apache.spark</groupId>
        </exclusion>
        <exclusion>
          <artifactId>spark-mllib_2.12</artifactId>
          <groupId>org.apache.spark</groupId>
        </exclusion>
        <exclusion>
          <artifactId>multisets_2.12</artifactId>
          <groupId>io.github.nicolasstucki</groupId>
        </exclusion>
        <exclusion>
          <artifactId>scalacheck_2.12</artifactId>
          <groupId>org.scalacheck</groupId>
        </exclusion>
        <exclusion>
          <artifactId>jetty-util</artifactId>
          <groupId>org.eclipse.jetty</groupId>
        </exclusion>
        <exclusion>
          <artifactId>spark-catalyst_2.12</artifactId>
          <groupId>org.apache.spark</groupId>
        </exclusion>
      </exclusions>
    </dependency>
  </dependencies>
  <properties>
    <maven.compiler.source>8</maven.compiler.source>
    <maven.compiler.target>8</maven.compiler.target>
  </properties>
</project>
